MMSI,time,lat,lon,vel,cou
251312000-3,0.0,19.980633,130.958543,33.967374,260.762173
251107000-1,1.0,20.134656,131.038238,12.946519,26.915697
251017000-1,26.0,20.048,131.050417,2.006333,13.5
251102000-1,27.0,19.92744,130.864591,5.872043,274.491693
251177110-1,62.0,20.019015,131.114373,36.540821,115.174582
251063000-2,67.0,20.091292,130.899152,7.510494,30.81426
251312000-3,92.0,19.978314,130.943372,18.757251,237.870195
251017000-1,109.0,20.049433,131.0514,2.057778,14.6
251102000-1,110.0,19.927616,130.862202,34.482331,226.264171
251177110-1,132.0,20.013985,131.125761,19.522464,195.430303
251312000-3,165.0,19.974947,130.937668,61.276137,86.419991
251017000-1,172.0,20.0505,131.051967,1.646222,359.799988
251102000-1,173.0,19.920674,130.854485,11.828179,262.368109
251177110-1,198.0,20.008244,131.124075,4.678945,212.677762
251102000-1,248.0,19.920129,130.850162,2.738656,314.958226
251312000-3,248.0,19.976414,130.962634,62.48699,233.316436
251063000-2,251.0,20.096778,130.902637,11.700134,176.858164
251017000-1,258.0,20.0519,131.051233,1.954889,343.100006
251107000-1,260.0,20.148477,131.045711,10.981568,141.160448
251177110-1,273.0,20.006878,131.123143,20.330083,288.602432
251312000-3,319.0,19.964161,130.945136,55.239941,5.519363
251017000-1,328.0,20.053117,131.050167,1.954889,338.600006
251102000-1,331.0,19.920872,130.849371,8.578054,285.157164
251177110-1,352.0,20.009246,131.115655,21.412492,181.702932
251107000-1,355.0,20.144721,131.048933,13.259272,23.077933
251063000-2,357.0,20.091054,130.902971,10.080819,70.413057
251312000-3,398.0,19.98424,130.947201,52.403996,167.451289
251102000-1,408.0,19.92167,130.846236,10.523145,164.640839
251017000-1,414.0,20.0545,131.0491,1.903444,348.799988
251177110-1,427.0,20.001826,131.11542,14.988527,286.445097
251312000-3,473.0,19.966506,130.951401,22.004983,129.472007
251102000-1,484.0,19.918105,130.847278,12.727127,291.692357
251063000-2,485.0,20.093054,130.908955,7.300442,103.060168
251107000-1,505.0,20.153178,131.052772,16.841704,27.708498
251177110-1,507.0,20.003395,131.109763,19.578369,182.42079
251312000-3,549.0,19.961592,130.95775,66.069509,13.720281
251017000-1,559.0,20.05705,131.04805,1.954889,352.200012
251102000-1,561.0,19.919779,130.842801,5.874907,164.084136
251177110-1,574.0,19.997337,131.10949,14.247163,280.3964
251107000-1,585.0,20.158692,131.055856,14.013712,153.894723
251063000-2,607.0,20.092123,130.913225,15.952535,325.187629
251312000-3,623.0,19.983547,130.963453,23.044241,211.507895
251102000-1,624.0,19.918134,130.8433,19.132396,226.933273
251017000-1,631.0,20.058433,131.047583,1.903444,352.799988
251177110-1,660.0,19.998359,131.103562,43.759485,31.364471
251107000-1,674.0,20.153515,131.058559,15.073298,33.191628
251102000-1,698.0,19.913665,130.838215,16.271052,297.708485
251312000-3,702.0,19.976372,130.958774,26.858851,216.234994
251017000-1,717.0,20.05985,131.047183,1.954889,354.100006
251177110-1,720.0,20.008722,131.110284,16.741686,203.917267
251063000-2,721.0,20.099025,130.908115,13.701313,125.516666
251107000-1,762.0,20.158646,131.062134,14.433805,158.390238
251102000-1,766.0,19.916043,130.833399,10.767604,119.865509
251017000-1,783.0,20.061,131.046867,1.903444,354.100006
251177110-1,796.0,20.003346,131.107747,24.687785,185.795496
251102000-1,838.0,19.914259,130.836704,2.536043,116.842744
251063000-2,840.0,20.094646,130.914647,5.288859,41.708284
251312000-3,842.0,19.962352,130.947843,15.052413,5.97773
251107000-1,851.0,20.153125,131.064464,43.235491,10.661269
251017000-1,862.0,20.0624,131.046467,1.903444,353.5
251177110-1,866.0,19.995398,131.106888,34.793399,295.520061
251107000-1,910.0,20.164713,131.066788,36.545636,167.375432
251312000-3,924.0,19.968026,130.948475,58.062515,197.731193
251017000-1,943.0,20.063767,131.046133,1.852,357.100006
251177110-1,947.0,20.00101,131.094377,34.634984,84.17467
251102000-1,964.0,19.913592,130.838106,26.636472,239.786592
251063000-2,983.0,20.097256,130.917124,1.5741,24.536041
251312000-3,993.0,19.950387,130.942475,0.809382,72.623576
251107000-1,995.0,20.150701,131.070131,65.603553,7.348482
251017000-1,1015.0,20.064967,131.045967,1.903444,356.899994
251177110-1,1028.0,20.002326,131.108107,21.440603,338.537395
251102000-1,1047.0,19.908449,130.828713,3.97582,10.208348
251107000-1,1056.0,20.169048,131.072652,45.428464,164.777893
251017000-1,1090.0,20.066167,131.045817,1.903444,356.5
251177110-1,1103.0,20.009244,131.105212,56.638914,215.534466
251107000-1,1120.0,20.15608,131.07641,6.593792,127.652876
251063000-2,1121.0,20.09817,130.917568,20.13977,76.610362
251102000-1,1127.0,19.909896,130.82899,11.154389,72.504535
251017000-1,1152.0,20.067383,131.045583,1.903444,356.0
251312000-3,1157.0,19.95057,130.943098,36.406603,61.813193
251177110-1,1165.0,19.996034,131.095173,23.259046,285.249239
251102000-1,1201.0,19.911043,130.832861,16.918628,238.123615
251107000-1,1209.0,20.154423,131.078698,16.034371,33.372849
251017000-1,1224.0,20.068583,131.045633,1.852,2.8
251063000-2,1238.0,20.100692,130.928851,2.033833,12.980586
251177110-1,1246.0,19.998324,131.086232,9.505218,91.486319
251312000-3,1247.0,19.957724,130.957301,34.22587,235.537772
251017000-1,1297.0,20.06975,131.0458,1.903444,3.6
251312000-3,1311.0,19.951994,130.948419,24.251711,37.950518
251177110-1,1339.0,19.998218,131.090579,19.141781,237.984683
251107000-1,1351.0,20.163212,131.084866,33.051218,10.534144
251102000-1,1353.0,19.904765,130.822125,16.898264,121.471017
251017000-1,1377.0,20.07115,131.045983,1.903444,2.3
251312000-3,1383.0,19.958358,130.9537,39.988939,287.27983
251177110-1,1408.0,19.994981,131.08507,39.954284,122.633072
251102000-1,1409.0,19.902481,130.826093,20.3474,317.587994
251107000-1,1416.0,20.172975,131.0868,17.210737,161.773429
251017000-1,1450.0,20.07235,131.0461,1.903444,2.1
251312000-3,1456.0,19.962366,130.939992,57.726562,88.131877
251177110-1,1476.0,19.988209,131.096324,34.281196,285.885948
251063000-2,1477.0,20.102881,130.929389,7.849054,22.963082
251102000-1,1495.0,19.908453,130.82029,16.818176,205.907632
251312000-3,1515.0,19.962879,130.956733,45.588488,254.090904
251017000-1,1518.0,20.07355,131.04615,1.852,0.6
251107000-1,1541.0,20.16353,131.090114,11.649542,188.337588
251102000-1,1560.0,19.903908,130.817942,13.83859,161.225234
251177110-1,1560.0,19.991852,131.0827,4.755364,239.066239
251017000-1,1592.0,20.07485,131.046217,1.852,1.3
251312000-3,1607.0,19.957563,130.936897,16.599484,202.999352
251177110-1,1625.0,19.991117,131.081396,12.06939,60.812403
251063000-2,1637.0,20.108226,130.931801,13.000114,118.754583
251102000-1,1645.0,19.89876,130.819803,2.693612,191.480927
251107000-1,1652.0,20.157615,131.08919,7.867918,12.867107
251017000-1,1665.0,20.076017,131.04635,1.852,2.0
251312000-3,1671.0,19.953043,130.934855,26.894038,20.531579
251177110-1,1705.0,19.993294,131.085543,30.816263,322.531841
251102000-1,1722.0,19.89782,130.8196,6.440107,49.710646
251017000-1,1742.0,20.0772,131.0466,1.852,7.3
251063000-2,1748.0,20.105017,130.938028,6.402198,34.593891
251312000-3,1748.0,19.962007,130.938427,26.894038,20.531579
251177110-1,1778.0,20.001547,131.078811,11.154363,243.414483
251107000-1,1790.0,20.162508,131.090381,11.532278,253.283389
251102000-1,1796.0,19.899244,130.821387,5.889645,226.339303
251017000-1,1818.0,20.07855,131.04715,1.852,10.1
251102000-1,2066.0,19.89417,130.815732,5.889645,226.339303
251107000-1,2070.0,20.158214,131.075153,11.532278,253.283389
251177110-1,2084.0,19.994485,131.063796,11.154363,243.414483
251063000-2,2098.0,20.113544,130.944291,6.402198,34.593891
251017000-1,2109.0,20.083133,131.051183,1.954889,30.1
251312000-4,3320.0,19.946323,130.893457,30.522171,172.665382
251312000-4,3392.0,19.936248,130.894836,54.418445,284.956265
251312000-4,3479.0,19.941894,130.872344,13.711054,50.751182
251312000-4,3559.0,19.945102,130.876521,43.189259,174.718988
251312000-4,3633.0,19.930392,130.877968,21.491706,95.77444
251312000-4,3713.0,19.929592,130.886379,30.382348,291.971171
251312000-4,3774.0,19.932797,130.877928,22.222721,204.832228
251312000-4,3860.0,19.924779,130.873981,2.4517,67.117319
251312000-4,4115.0,19.925903,130.876813,8.976006,258.982165
251312000-4,4210.0,19.92515,130.872698,47.112483,122.818748
251312000-4,4282.0,19.916651,130.886713,62.858973,304.866892
251312000-4,4353.0,19.928443,130.868709,97.432925,162.535068
251312000-4,4420.0,19.899659,130.87834,55.773183,8.677689
251312000-4,4493.0,19.918263,130.88136,18.811869,329.622106
251107000-2,4536.0,20.113786,131.019579,20.868319,248.714721
251312000-4,4583.0,19.925015,130.877151,45.640809,177.211277
251107000-2,4614.0,20.111054,131.012112,13.546647,237.723363
251312000-4,4663.0,19.908157,130.878024,39.303432,301.092211
251107000-2,4688.0,20.10858,131.00794,21.063144,255.790781
251312000-4,4734.0,19.914818,130.866275,100.583331,100.144128
251107000-2,4761.0,20.106835,131.000603,6.742433,152.48127
251312000-4,4810.0,19.908591,130.90327,114.223968,299.941346
251107000-2,4826.0,20.105038,131.0016,9.973336,177.400052
251312000-4,4879.0,19.926771,130.869689,3.889458,73.230341
251107000-2,4894.0,20.101906,131.001751,15.829937,53.649484
251312000-4,4960.0,19.927191,130.871173,61.131107,184.297525
251107000-2,4967.0,20.105073,131.006333,11.795074,130.686372
251312000-4,5027.0,19.908312,130.869664,4.531172,307.998396
251107000-2,5043.0,20.102371,131.009679,4.818593,284.200395
251312000-4,5113.0,19.909421,130.868154,13.844057,45.167734
251107000-2,5142.0,20.102912,131.007402,11.663438,47.068604
251312000-4,5193.0,19.91303,130.872016,24.513789,300.083643
251107000-2,5211.0,20.105446,131.010303,19.644351,184.1048
251312000-4,5274.0,19.917631,130.863568,19.763376,242.55961
251107000-2,5301.0,20.097294,131.00968,28.77784,299.398055
251312000-4,5338.0,19.914936,130.858049,31.294754,200.265326
251107000-2,5378.0,20.102322,131.000177,19.141699,221.355127
251312000-4,5418.0,19.90408,130.853786,18.91299,38.662121
251312000-4,5494.0,19.909268,130.858201,11.138997,296.995093
251107000-2,5532.0,20.092093,130.99059,5.065385,14.399123
251312000-4,5567.0,19.910974,130.854639,56.826855,215.118015
251312000-4,5634.0,19.896578,130.843871,44.588626,25.941209
251107000-2,5664.0,20.095087,130.991409,11.129527,208.487995
251312000-4,5708.0,19.910293,130.850968,48.670724,184.1527
251107000-2,5727.0,20.092238,130.989762,3.221897,17.358032
251312000-4,5778.0,19.894586,130.849755,70.230486,345.916316
251312000-4,5849.0,19.916942,130.843789,49.607767,163.986868
251107000-2,5880.0,20.094413,130.990486,17.8765,161.337934
251312000-4,5917.0,19.901954,130.848364,28.656342,289.074122
251107000-2,5956.0,20.088463,130.992626,13.804752,298.508606
251312000-4,6032.0,19.906932,130.833052,16.481375,155.214479
251107000-2,6043.0,20.091113,130.987431,8.241157,168.972496
251312000-4,6308.0,19.887841,130.842426,45.203475,312.076979
251107000-2,6337.0,20.08012,130.989712,14.058966,43.363077
251107000-2,6411.0,20.083616,130.993228,9.661245,297.524638
251312000-4,6429.0,19.904783,130.822467,33.501642,104.679466
251107000-2,6484.0,20.085123,130.99015,23.241368,192.673844
251312000-4,6536.0,19.900583,130.839514,18.72475,269.478
251107000-2,6564.0,20.076737,130.988142,5.220131,259.253595
251107000-2,6626.0,20.076458,130.986577,18.525792,264.995891
251312000-4,6658.0,19.900487,130.828285,4.98338,24.831716
251107000-2,6692.0,20.075965,130.980583,7.325573,257.303485
251107000-2,6777.0,20.075333,130.977593,4.141171,304.885295
251107000-2,6856.0,20.076198,130.976272,4.141171,304.885295
251312000-4,6918.0,19.905922,130.83096,4.98338,24.831716
